Haplotype	Country	Pattern	Frequency	Min	1st.Qu	Median	Mean	3rd.Qu	Max	Class
Hap1		CTCG	342	16.5	30.1475	37.8	38.6545029239766	45.835	109.85	specific
Hap2		TGCG	210	22.28	34.96	41.575	41.5446190476191	47.695	69.02	reference
Hap3		TTCG	62	22.1	31.055	39.05	39.3166129032258	44.7325	76.4	specific
Hap4		CGCG	45	20.05	33.55	43.92	42.8251111111111	51.32	74.98	specific
Hap5		CTCA	5	21.93	29.37	36.17	33.084	38.68	39.27	specific
Hap6		CGCA	1	32.23	32.23	32.23	32.23	32.23	32.23	specific
Hap7		CTTG	1	44.63	44.63	44.63	44.63	44.63	44.63	specific
Hap8		TTCA	1	28.27	28.27	28.27	28.27	28.27	28.27	specific
