Haplotype	Country	Pattern	Frequency	Min	1st.Qu	Median	Mean	3rd.Qu	Max	Class
Hap1		CTCG	342	17.4	31.52	37.075	39.1311111111111	45.7825	110.57	specific
Hap2		TGCG	210	17	34.8525	41.57	42.559	50.4325	80.8	reference
Hap3		TTCG	62	21.22	32.6625	37.575	39.8143548387097	46.0775	75.87	specific
Hap4		CGCG	45	22.8	34.75	41.93	42.5802222222222	50.08	74.32	specific
Hap5		CTCA	5	21.95	22.67	28.2	28.75	35.05	35.88	specific
Hap6		CGCA	1	32.92	32.92	32.92	32.92	32.92	32.92	specific
Hap7		CTTG	1	52.93	52.93	52.93	52.93	52.93	52.93	specific
Hap8		TTCA	1	27.87	27.87	27.87	27.87	27.87	27.87	specific
