Haplotype	Country	Pattern	Frequency	Min	1st.Qu	Median	Mean	3rd.Qu	Max	Class
Hap1		GG	663	21.73	48.015	57.55	57.7068174962293	66.525	99.82	reference
Hap2		AA	7	39.47	46.31	52.98	50.2114285714286	54.74	56.93	specific
