Haplotype	Country	Pattern	Frequency	Min	1st.Qu	Median	Mean	3rd.Qu	Max	Class
Hap1		CTC	348	24.56	37.76	43.56	44.5241666666667	51.2875	104.23	specific
Hap2		TGC	210	24.44	42.0125	48.155	48.2232857142857	54.45	73.78	reference
Hap3		TTC	63	26.4	36.88	45.48	44.9257142857143	51	74.42	specific
Hap4		CGC	46	26.19	38.77	47.915	47.6789130434783	56.3	74.91	specific
Hap5		CTT	1	48.78	48.78	48.78	48.78	48.78	48.78	specific
