Haplotype	Country	Pattern	Frequency	Min	1st.Qu	Median	Mean	3rd.Qu	Max	Class
Hap1		CTCG	342	24.56	37.775	43.66	44.6712865497076	51.4075	104.23	specific
Hap2		TGCG	210	24.44	42.0125	48.155	48.2232857142857	54.45	73.78	reference
Hap3		TTCG	62	26.4	37.1825	45.48	45.0553225806452	51.605	74.42	specific
Hap4		CGCG	45	26.19	38.13	47.95	47.8342222222222	56.37	74.91	specific
Hap5		CTCA	5	28.02	31.18	39.29	36.612	41.68	42.89	specific
Hap6		CGCA	1	40.69	40.69	40.69	40.69	40.69	40.69	specific
Hap7		CTTG	1	48.78	48.78	48.78	48.78	48.78	48.78	specific
Hap8		TTCA	1	36.89	36.89	36.89	36.89	36.89	36.89	specific
