Haplotype	Country	Pattern	Frequency	Min	1st.Qu	Median	Mean	3rd.Qu	Max	Class
Hap1		GG	663	16.5	31.95	39.02	39.9162895927602	46.79	109.85	reference
Hap2		AA	7	21.93	28.82	32.23	32.2742857142857	37.425	39.27	specific
