Haplotype	Country	Pattern	Frequency	Min	1st.Qu	Median	Mean	3rd.Qu	Max	Class
Hap1		CTC	348	16.5	30.115	37.76	38.5538218390805	45.655	109.85	specific
Hap2		TGC	210	22.28	34.96	41.575	41.5446190476191	47.695	69.02	reference
Hap3		TTC	63	22.1	30.38	38.92	39.1412698412698	44.565	76.4	specific
Hap4		CGC	46	20.05	32.56	42.875	42.5947826086957	50.595	74.98	specific
Hap5		CTT	1	44.63	44.63	44.63	44.63	44.63	44.63	specific
