Haplotype	Country	Pattern	Frequency	Min	1st.Qu	Median	Mean	3rd.Qu	Max	Class
Hap1		CTCG	342	28.98	45.355	56.075	56.2273684210526	66.1225	99.82	specific
Hap2		TGCG	210	24.57	51.84	60.7	60.566	68.31	98.62	reference
Hap3		TTCG	62	21.73	48.335	56.325	56.0340322580645	64.3775	81.75	specific
Hap4		CGCG	45	32.33	49.37	57.87	58.0964444444444	64.25	94.48	specific
Hap5		CTCA	5	39.47	42.22	50.4	48.004	52.98	54.95	specific
Hap6		CGCA	1	56.93	56.93	56.93	56.93	56.93	56.93	specific
Hap7		CTTG	1	48.78	48.78	48.78	48.78	48.78	48.78	specific
Hap8		TTCA	1	54.53	54.53	54.53	54.53	54.53	54.53	specific
